Image Name,People Count
20211209_12_42_45_920_000_1IZ2QAHEUiPbq9qgWp5rltc4P343_T_4160_3120.jpg,5
20211209_16_53_52_156_000_2k1COAbwOeNa4kGSSTFXBp5TZfv1_F_3264_2448.jpg,24
20211209_20_59_39_690_000_1IZ2QAHEUiPbq9qgWp5rltc4P343_T_3120_4160.jpg,28
20211210_10_39_11_913_000_2sQ7uoDSHQakPcTTKy9Ikfs5wWs1_F_3264_2448.jpg,20
20211210_10_40_10_570_000_2sQ7uoDSHQakPcTTKy9Ikfs5wWs1_F_3264_2448.jpg,22
20211210_10_40_23_059_000_2sQ7uoDSHQakPcTTKy9Ikfs5wWs1_T_4000_3000.jpg,15
20211210_12_32_37_049_000_1IZ2QAHEUiPbq9qgWp5rltc4P343_T_3120_4160.jpg,13
20211210_12_36_50_482_000_2k1COAbwOeNa4kGSSTFXBp5TZfv1_T_4160_1968.jpg,18
20211210_20_58_33_307_000_1IZ2QAHEUiPbq9qgWp5rltc4P343_T_3120_4160.jpg,5
20211211_06_24_29_867_000_1IZ2QAHEUiPbq9qgWp5rltc4P343_T_3120_4160.jpg,21
20211211_14_54_46_877_000_1DhpVPRpy5ff6GGMYTtKzhf3fNF2_F_3264_2448.jpg,13
20211211_15_00_26_320_000_1IZ2QAHEUiPbq9qgWp5rltc4P343_T_4160_3120.jpg,12
20211211_16_59_17_618_000_1JudPQPDd8O09YP7uaXQEOlLHtF3_F_3120_4160.jpg,0
20211211_17_01_49_324_000_1JudPQPDd8O09YP7uaXQEOlLHtF3_F_3120_4160.jpg,0
20211211_17_02_02_873_000_1JudPQPDd8O09YP7uaXQEOlLHtF3_F_3120_4160.jpg,0
20211211_17_02_14_087_000_1JudPQPDd8O09YP7uaXQEOlLHtF3_F_3120_4160.jpg,1
20211211_17_02_26_207_000_1JudPQPDd8O09YP7uaXQEOlLHtF3_F_3120_4160.jpg,0
20211212_08_12_51_859_000_0BnZN4Fa6uWvuROEl5YQFEJ88yI2_F_4160_3120.jpg,25
20211212_14_10_25_128_000_1IZ2QAHEUiPbq9qgWp5rltc4P343_T_4160_3120.jpg,24
20211212_17_25_54_303_000_2at2rIf5DeQ0gl50hHjPcNBNBAD3_T_3264_2448.jpg,22
20211212_17_26_47_870_000_2at2rIf5DeQ0gl50hHjPcNBNBAD3_T_3264_2448.jpg,24
20211212_17_26_55_858_000_2at2rIf5DeQ0gl50hHjPcNBNBAD3_T_3264_2448.jpg,26
20211212_17_27_22_605_000_2at2rIf5DeQ0gl50hHjPcNBNBAD3_T_3264_2448.jpg,24
20211212_18_05_44_963_000_2md6lSkt9qYlY0hhIIphAsFSXXG2_T_2036_1844.jpg,19
20211212_18_05_54_054_000_2md6lSkt9qYlY0hhIIphAsFSXXG2_T_1844_4000.jpg,37
20211213_05_10_09_716_000_2sQ7uoDSHQakPcTTKy9Ikfs5wWs1_F_3264_2448.jpg,17
20211213_05_10_54_493_000_2sQ7uoDSHQakPcTTKy9Ikfs5wWs1_F_3264_2448.jpg,17
20211213_11_48_52_005_000_1cWIw5WAadM1lDgRWHMKwtBXdOn1_T_2322_4128.jpg,13
20211213_11_49_06_106_000_1cWIw5WAadM1lDgRWHMKwtBXdOn1_T_2322_4128.jpg,15
20211213_16_21_33_480_000_2md6lSkt9qYlY0hhIIphAsFSXXG2_T_1844_4000.jpg,29
20211213_16_21_52_537_000_2md6lSkt9qYlY0hhIIphAsFSXXG2_T_1844_4000.jpg,33
20211213_19_47_25_951_000_1IZ2QAHEUiPbq9qgWp5rltc4P343_T_2448_3264.jpg,0
20211214_08_56_02_839_000_1IZ2QAHEUiPbq9qgWp5rltc4P343_T_3120_4160.jpg,23
20211216_13_27_42_423_000_2QJVfVyHJQY2shKpgJSbFMcJOVj2_F_3000_4000.jpg,3
20211217_19_46_22_167_000_2md6lSkt9qYlY0hhIIphAsFSXXG2_T_1246_1640.jpg,10
20211217_19_46_46_352_000_2md6lSkt9qYlY0hhIIphAsFSXXG2_T_1361_1844.jpg,12
20211219_11_41_12_518_000_0i7EuIZQ3kdhvURjLU3rFSq76813_F_4160_3120.jpg,4
20211229_12_42_08_172_000_2k1COAbwOeNa4kGSSTFXBp5TZfv1_F_3264_2448.jpg,15
20211229_12_42_49_110_000_2k1COAbwOeNa4kGSSTFXBp5TZfv1_F_3264_2448.jpg,12
20211229_12_42_58_987_000_2k1COAbwOeNa4kGSSTFXBp5TZfv1_F_3264_2448.jpg,16
20211229_17_20_04_998_000_2md6lSkt9qYlY0hhIIphAsFSXXG2_T_1937_1844.jpg,26
20211230_15_37_45_218_000_2KYY5yyXsPNy2sB3U8uzXR2QyHm2_F_3264_2448.jpg,6
20211230_15_38_33_295_000_2KYY5yyXsPNy2sB3U8uzXR2QyHm2_F_3264_2448.jpg,5
20211230_15_40_57_933_000_2KYY5yyXsPNy2sB3U8uzXR2QyHm2_F_3264_2448.jpg,3
20211230_15_45_26_648_000_2KYY5yyXsPNy2sB3U8uzXR2QyHm2_F_3264_2448.jpg,7
20211230_15_45_44_893_000_2KYY5yyXsPNy2sB3U8uzXR2QyHm2_F_3264_2448.jpg,11
20211230_15_47_36_379_000_2KYY5yyXsPNy2sB3U8uzXR2QyHm2_F_3264_2448.jpg,4
20220102_10_26_47_325_000_2k1COAbwOeNa4kGSSTFXBp5TZfv1_T_1968_4160.jpg,36
20220103_13_31_29_097_000_0i7EuIZQ3kdhvURjLU3rFSq76813_F_4160_3120.jpg,19
20220103_15_11_20_828_000_0i7EuIZQ3kdhvURjLU3rFSq76813_F_4160_3120.jpg,20
20220103_15_11_36_251_000_0i7EuIZQ3kdhvURjLU3rFSq76813_F_4160_3120.jpg,16
20220103_15_11_52_228_000_0i7EuIZQ3kdhvURjLU3rFSq76813_F_4160_3120.jpg,14
20220103_15_12_08_482_000_0i7EuIZQ3kdhvURjLU3rFSq76813_F_4160_3120.jpg,20
20220103_15_12_22_867_000_0i7EuIZQ3kdhvURjLU3rFSq76813_F_4160_3120.jpg,10
20220105_17_21_02_159_000_2PmZmUvM4AUGKAHIVmzOUR3oDSk1_F_3264_2448.jpg,1
20220105_17_21_36_039_000_2PmZmUvM4AUGKAHIVmzOUR3oDSk1_F_3264_2448.jpg,0
20220105_17_22_18_093_000_2PmZmUvM4AUGKAHIVmzOUR3oDSk1_F_3264_2448.jpg,1
20220107_13_48_23_454_000_0i7EuIZQ3kdhvURjLU3rFSq76813_F_4160_3120.jpg,12
20220107_13_48_39_452_000_0i7EuIZQ3kdhvURjLU3rFSq76813_F_4160_3120.jpg,19
20220107_13_48_56_773_000_0i7EuIZQ3kdhvURjLU3rFSq76813_F_4160_3120.jpg,17
20220107_13_49_28_445_000_0i7EuIZQ3kdhvURjLU3rFSq76813_F_4160_3120.jpg,29
20220107_13_50_09_733_000_0i7EuIZQ3kdhvURjLU3rFSq76813_F_4160_3120.jpg,17
20220107_13_50_36_052_000_0i7EuIZQ3kdhvURjLU3rFSq76813_F_4160_3120.jpg,19
20220107_13_51_32_194_000_0i7EuIZQ3kdhvURjLU3rFSq76813_F_4160_3120.jpg,15
20220107_13_51_46_354_000_0i7EuIZQ3kdhvURjLU3rFSq76813_F_4160_3120.jpg,8
20220107_13_53_40_558_000_0i7EuIZQ3kdhvURjLU3rFSq76813_F_4160_3120.jpg,21
20220108_08_43_01_764_000_2KYY5yyXsPNy2sB3U8uzXR2QyHm2_F_3264_2448.jpg,0
20220108_08_43_11_929_000_2KYY5yyXsPNy2sB3U8uzXR2QyHm2_F_3264_2448.jpg,7
20220108_08_45_50_180_000_2KYY5yyXsPNy2sB3U8uzXR2QyHm2_F_3264_2448.jpg,9
20220108_08_46_02_661_000_2KYY5yyXsPNy2sB3U8uzXR2QyHm2_F_3264_2448.jpg,0
20220108_08_46_50_069_000_2KYY5yyXsPNy2sB3U8uzXR2QyHm2_T_4000_1840.jpg,4
20220110_15_16_30_935_000_2dJhH8TDWrhsFXgTPtXzixGetmu2_T_2448_3264.jpg,39
20220112_09_50_27_118_000_2KYY5yyXsPNy2sB3U8uzXR2QyHm2_F_3264_2448.jpg,8
20220112_09_50_36_994_000_2KYY5yyXsPNy2sB3U8uzXR2QyHm2_F_3264_2448.jpg,7
20220112_09_50_58_683_000_2KYY5yyXsPNy2sB3U8uzXR2QyHm2_F_3264_2448.jpg,8
20220112_09_51_07_640_000_2KYY5yyXsPNy2sB3U8uzXR2QyHm2_F_3264_2448.jpg,14
20220112_09_51_27_148_000_2KYY5yyXsPNy2sB3U8uzXR2QyHm2_F_3264_2448.jpg,9
20220118_09_24_27_178_000_2KYY5yyXsPNy2sB3U8uzXR2QyHm2_F_3264_2448.jpg,8
20220118_09_24_52_810_000_2KYY5yyXsPNy2sB3U8uzXR2QyHm2_F_3264_2448.jpg,3
20220118_09_25_19_977_000_2KYY5yyXsPNy2sB3U8uzXR2QyHm2_F_3264_2448.jpg,4
20220118_09_25_34_745_000_2KYY5yyXsPNy2sB3U8uzXR2QyHm2_F_3264_2448.jpg,4
20220118_09_25_45_590_000_2KYY5yyXsPNy2sB3U8uzXR2QyHm2_F_3264_2448.jpg,1
20220118_09_25_59_395_000_2KYY5yyXsPNy2sB3U8uzXR2QyHm2_F_3264_2448.jpg,1
20220118_09_26_14_088_000_2KYY5yyXsPNy2sB3U8uzXR2QyHm2_F_3264_2448.jpg,2
20220118_09_28_51_646_000_2KYY5yyXsPNy2sB3U8uzXR2QyHm2_T_4000_1840.jpg,1
20220121_09_32_14_930_000_0tzttmlg0WR1jIxG72NTGfg4wUj2_T_3000_4000.jpg,26
20220121_17_25_28_316_000_2KYY5yyXsPNy2sB3U8uzXR2QyHm2_F_3264_2448.jpg,8
20220121_17_25_47_793_000_2KYY5yyXsPNy2sB3U8uzXR2QyHm2_F_3264_2448.jpg,7
20220121_17_26_07_047_000_2KYY5yyXsPNy2sB3U8uzXR2QyHm2_F_3264_2448.jpg,4
20220121_17_26_39_955_000_2KYY5yyXsPNy2sB3U8uzXR2QyHm2_F_3264_2448.jpg,1
20220121_17_27_07_475_000_2KYY5yyXsPNy2sB3U8uzXR2QyHm2_F_3264_2448.jpg,1
20220121_17_28_00_654_000_2KYY5yyXsPNy2sB3U8uzXR2QyHm2_F_3264_2448.jpg,3
20220121_17_28_17_607_000_2KYY5yyXsPNy2sB3U8uzXR2QyHm2_T_4000_1840.jpg,3
20220127_16_41_53_605_000_2KYY5yyXsPNy2sB3U8uzXR2QyHm2_F_3264_2448.jpg,9
20220127_16_42_17_046_000_2KYY5yyXsPNy2sB3U8uzXR2QyHm2_F_3264_2448.jpg,4
20220127_16_42_44_565_000_2KYY5yyXsPNy2sB3U8uzXR2QyHm2_F_3264_2448.jpg,5
20220127_16_43_31_183_000_2KYY5yyXsPNy2sB3U8uzXR2QyHm2_F_3264_2448.jpg,14
20220127_16_43_48_254_000_2KYY5yyXsPNy2sB3U8uzXR2QyHm2_F_3264_2448.jpg,8
20220127_16_44_12_249_000_2KYY5yyXsPNy2sB3U8uzXR2QyHm2_F_3264_2448.jpg,12
20220127_16_44_34_349_000_2KYY5yyXsPNy2sB3U8uzXR2QyHm2_T_4000_1840.jpg,2
